epoch,acc,loss,val_acc,val_loss
0,0.6304347981577334,4.689173428908639,0.6153846245545608,6.165476542252761
1,0.6521739104519719,5.575735325398653,0.6153846245545608,6.165476542252761
