epoch,acc,loss,val_acc,val_loss
0,0.5652174068533856,5.713237060152966,0.6153846245545608,6.165476542252761
1,0.6521739169307377,5.575735175091287,0.6153846245545608,6.165476542252761
